PALAVRA,PRONUNCIA,TRADUCAO
THE,DHÂ,"['O, A, OS, AS']"
OF,ÂV,['DE']
TO,TUU,['PARA']
AND,ÉND,['E']
A,Â,"['UM, UMA']"
IN,ÊN,"['EM, DENTRO']"
IS,ÊS,['É']
IT,ÊT,['ESTE']
YOU,YUU,['VOCÊ']
THAT,DHÉT,"['QUE, AQUELE']"
HE,RRII,['ELE']
WAS,UÓS,"['ERA, ESTAVA']"
FOR,FÓR,"['POR, PARA']"
ON,ÓN,['EM']
ARE,AR,"['SÃO, ESTÃO']"
WITH,UÊDH,['COM']
AS,ÉS,"['COMO, ENQUANTO']"
I,AI,['EU']
HIS,RRÊS,['SEU']
THEY,DHEI,['ELES']
BE,BII,"['SER, ESTAR']"
AT,ÉT,['EM']
ONE,UÂN,['UM']
HAVE,RRÉV,['TER']
THIS,DHÊS,['ESTE']
FROM,FRÂM,['DE']
OR,ÓR,['OU']
HAD,RRÉD,['TINHA']
BY,BAI,"['POR, EM']"
HOT,RRAT,['QUENTE']
WORD,UÂD,['PALAVRA']
BUT,BÂT,['MAS']
WHAT,UÓT,['O-QUE']
SOME,SÂM,['ALGUM']
WE,UII,['NÓS']
CAN,KÉN,"['PODE, LATA']"
OUT,AUT,['FORA']
OTHER,ÂDHÂR,['OUTRO']
WERE,UÂR,"['ERAM, ESAVAM']"
ALL,ÓL,['TODO']
THERE,THÉR,['LÁ']
WHEN,UEN,['QUANDO']
UP,ÂP,['PARA-CIMA']
USE,IUZ,['USAR']
YOUR,YÓR,['SEU']
HOW,RRÁU,"['COMO, QUÃO']"
SAID,SÉD,['DISSE']
AN,ÉN,"['UM, UMA']"
EACH,IICH,['CADA']
SHE,SHII,['ELA']
WHICH,UÊTCH,['QUAL']
DO,DUU,"['FAZER, MESMO']"
THEIR,THÉR,['SEUS']
TIME,TAIM,"['TEMPO, HORA']"
IF,ÊF,['SE']
WILL,UÊL,"['VAI, VONTADE']"
WAY,UEI,"['CAMINHO, JEITO']"
ABOUT,ÂBAUT,"['SOBRE, QUASE']"
MANY,MÉNI,['MUITOS']
THEN,DHÊN,['ENTÃO']
THEM,DHÊM,['DELES']
WRITE,RAIT,['ESCREVER']
WOULD,UÔD,['DEVERIA']
LIKE,LAIK,"['COMO, GOSTAR']"
SO,SÔU,"['ASSIM, TÃO']"
THESE,DHIIZ,['ESTES']
HER,RRÂR,['DELA']
LONG,LÓNG,['LONGO']
MAKE,MEIK,['FAZER']
THING,THÊNG,['COISA']
SEE,SII,['VER']
HIM,RRÊM,['DELE']
TWO,TUU,"['DOIS, DUAS']"
HAS,RRÉS,['TEM']
LOOK,LÔK,['OLHAR']
MORE,MÓR,['MAIS']
DAY,DEI,['DIA']
COULD,CÔD,['PODERIA']
GO,GÔU,['IR']
COME,CÂM,['VIR']
DID,DÊD,"['FEZ, MESMO']"
NUMBER,NÂMBÂR,['NÚMERO']
SOUND,SAUND,['SOM']
NO,NOU,['NÃO']
MOST,MOUST,"['MAIS, MAIOR']"
PEOPLE,PIIPÂL,"['PESSOAS, POVO']"
MY,MAI,['MEU']
OVER,OUVÂR,"['SOBRE, ACIMA-DE']"
KNOW,NOU,['SABER']
WATER,UÓTTÂR,['ÁGUA']
THAN,DHÉN,['QUE']
CALL,CÓL,['CHAMAR']
FIRST,FÂRST,['PRIMEIRO']
WHO,RRUU,['QUE']
MAY,MEI,"['MAIO, PODE']"
DOWN,DAUN,['BAIXO']
SIDE,SAID,['LADO']
BEEN,BÊN,"['SIDO, ESTADO']"
NOW,NAU,['AGORA']
FIND,FAIND,['ENCONTRAR']
ANY,ÉNI,['QUALQUER']
NEW,NUU,['NOVO']
WORK,UÂRK,['TRABALHO']
PART,PART,['PARTE']
TAKE,TEIK,['PEGAR']
GET,GHÉT,['FICAR']
PLACE,PLEIS,['LUGAR']
MADE,MEID,['FEITO']
LIVE,"LÊV, LAIV","['VIVER, VIVO']"
WHERE,UÉR,['ONDE']
AFTER,ÉFTÂR,['APÓS']
BACK,BÉK,"['ATRÁS, COSTAS']"
LITTLE,LÊTTÂL,"['PEQUENO, POUCO']"
ONLY,OUNLI,['SOMENTE']
ROUND,RAUND,"['REDONDO, RODADA']"
MAN,MÉN,['HOMEM']
YEAR,YIIR,['ANO']
CAME,KEIM,['CHEGADO']
SHOW,SHOU,['MOSTRAR']
EVERY,EVRI,['CADA']
GOOD,GÔD,['BOM']
ME,MII,"['ME, EU']"
GIVE,GHÊV,['DAR']
OUR,AR,['NOSSO']
UNDER,ÂNDÂR,['SOB']
NAME,NEIM,['NOME']
VERY,VÉRI,"['MUITO, ABSOLUTO']"
THROUGH,THRUU,['ATRAVÉS-DE']
JUST,JÂST,"['JUSTO, SÓ']"
FORM,FÓRM,"['FORMA, FORMULÁRIO']"
SENTENCE,SÊNTÂNS,['SENTENÇA']
GREAT,GREIT,"['ÓTIMO, EXCELENTE, GRANDE']"
THINK,THÊNK,['PENSAR']
SAY,SEI,['DIZER']
HELP,RRÊLP,['AJUDAR']
LOW,LOU,['BAIXO']
LINE,LAIN,"['LINHA, FILA']"
DIFFER,DÊFÂR,['DIFERIR']
TURN,TÂRN,"['TORNAR, VEZ']"
CAUSE,CÓZ,['CAUSA']
MUCH,MÂTCH,['MUITO']
MEAN,MIIN,"['MEIO, SIGNIFICAR']"
BEFORE,BÊFÓR,['ANTES']
MOVE,MUUV,['MOVIMENTO']
RIGHT,RAIT,['DIREITO']
BOY,BÓI,['GAROTO']
OLD,OULD,['VELHO']
TOO,TUU,['TAMBÉM']
SAME,SEIM,['MESMO']
TELL,TÊL,['CONTAR']
DOES,DÂZ,"['FAZ, MESMO']"
SET,SÊT,"['CONJUNTO, FIXAR']"
THREE,THRII,['TRÊS']
WANT,UÂNT,['QUERER']
AIR,ÉR,['AR']
WELL,UEL,"['BEM, POÇO']"
ALSO,ÓLSOU,['TAMBÉM']
PLAY,PLEI,"['PEÇA, TOCAR']"
SMALL,SMÓL,['PEQUENO']
END,ÊND,"['FIM, FINALIZAR']"
PUT,PÔT,['POR']
HOME,RROUM,['CASA']
READ,RIID,"['LER, LIDO']"
HAND,RRÉND,['MÃO']
PORT,PÓRT,['PORTO']
LARGE,LARJ,['GRANDE']
SPELL,SPÊL,"['SOLETRAR, ENCANTO']"
ADD,ÉD,['ADICIONAR']
EVEN,IIVÂN,['MESMO']
LAND,LÉND,['TERRA']
HERE,RRIIR,['AQUI']
MUST,MÂST,['DEVER']
BIG,BÊG,['GRANDE']
HIGH,RRAI,['ALTO']
SUCH,SÂTCH,['TAL']
FOLLOW,FALOU,['SEGUIR']
ACT,ÉKT,"['ATO, AGIR']"
WHY,UAI,['POR-QUE']
ASK,ÉSK,"['PEDIR, PERGUNTAR']"
MEN,MÊN,['HOMENS']
CHANGE,TCHEINJ,['MUDAR']
WENT,UENT,['FOI']
LIGHT,LAIT,"['LEVE, LUZ']"
KIND,KAIND,"['BOM, TIPO']"
OFF,ÓF,"['POR, DESLIGADO']"
NEED,NIID,['PRECISAR']
HOUSE,RRAUS,['CASA']
PICTURE,PÊKTCHÂR,"['FOTO, FILME']"
TRY,TRAI,['TENTAR']
US,ÂS,['NOS']
AGAIN,ÂGHEIN,['DE-NOVO']
ANIMAL,ÉNÂMÂL,['ANIMAL']
POINT,POINT,['PONTO']
MOTHER,MÂDHÂR,['MÃE']
WORLD,UÂRLD,['MUNDO']
NEAR,NIIR,['PERTO']
BUILD,BÊLD,['CONSTRUIR']
SELF,SELF,"['PRÓPRIO, EGO']"
EARTH,ÂRTH,['TERRA']
FATHER,FÓDHÂR,['PAI']
HEAD,RRED,['CABEÇA']
STAND,STÉND,"['PERMANECER, DE-PÉ, BANCA']"
OWN,OUN,['PRÓPRIO']
PAGE,PEIJ,['PÁGINA']
SHOULD,SHÔD,['DEVERIA']
COUNTRY,CÂNTRI,['PAÍS']
FOUND,FAUND,"['ENCONTRADO, FUNDAR']"
ANSWER,ÉNSÂR,['RESPOSTA']
SCHOOL,SKOOL,['ESCOLA']
GROW,GROU,['CRESCER']
STUDY,STÂDI,['ESTUDO']
STILL,STÊL,"['ATÉ, CALMO']"
LEARN,LÂRN,['APRENDER']
PLANT,PLÉNT,"['PLANTA, FÁBRICA']"
COVER,CÂVÂR,['COBRIR']
FOOD,FUUD,['COMIDA']
SUN,SÂN,['SOL']
FOUR,FÓR,['QUATRO']
BETWEEN,BITUIIN,['ENTRE']
STATE,STEIT,['ESTADO']
KEEP,KIIP,['GUARDAR']
EYE,AI,['OLHO']
NEVER,NEVÂR,['NUNCA']
LAST,LÉST,"['ÚLTIMO, DURAR']"
LET,LET,['DEIXAR']
THOUGHT,THÓT,"['PENSAMENTO, PENSADO']"
CITY,CÊTTI,['CIDADE']
TREE,TRII,['ÁRVORE']
CROSS,CRÓS,"['CRUZ, CRUZAR']"
FARM,FARM,['FAZENDA']
HARD,RRARD,['DURO']
START,START,['COMEÇAR']
MIGHT,MAIT,"['PODER, PODERIA']"
STORY,STÓRI,"['ESTÓRIA, ANDAR(PRÉDIO)']"
SAW,SÓ,"['VIU, SERRA']"
FAR,FAR,['LONGE']
SEA,SII,['MAR']
DRAW,DRÓ,"['ARRASTAR, EMPATE']"
LEFT,LEFT,"['ESQUERDA, DEIXADO']"
LATE,LEIT,['TARDE']
RUN,RÂN,['CORRER']
DON'T,DOUNT,['NÃO']
WHILE,UAIL,['ENQUANTO']
PRESS,PRES,"['PRESSÃO, IMPRENSA']"
CLOSE,CLOUS,['FECHAR']
NIGHT,NAIT,['NOITE']
REAL,RIIL,['REAL']
LIFE,LAIF,['VIDA']
FEW,FIU,['ALGUNS']
NORTH,NÓRTH,['NORTE']
OPEN,OUPÂN,['ABERTO']
SEEM,SIIM,['PARECER']
TOGETHER,TÂGHEDHÂR,['JUNTOS']
NEXT,NEXT,['PRÓXIMO']
WHITE,UAIT,['BRANCO']
CHILDREN,TCHÊLDRÂN,['CRIANÇAS']
BEGIN,BÊGHÊN,['COMEÇAR']
GOT,GAT,['FICADO']
WALK,UÓK,['ANDAR']
EXAMPLE,IGZÉMPÂL,['EXEMPLO']
EASE,IIZ,['FACILITAR']
PAPER,PEIPÂR,['PAPEL']
GROUP,GRUP,['GRUPO']
ALWAYS,ÓLUÊZ,['SEMPRE']
MUSIC,MIUZÊK,['MÚSICA']
THOSE,DHOUZ,['AQUELES']
BOTH,BOUTH,['AMBOS']
MARK,MARK,['MARCAR']
OFTEN,ÓFÂN,['MUITAS-VEZES']
LETTER,LETTÂR,"['LETRA, CARTA']"
UNTIL,ÂNTÊL,['ATÉ']
MILE,MAIL,['MILHA']
RIVER,RÊVÂR,['RIO']
CAR,CAR,['CARRO']
FEET,FIIT,['PÉS']
CARE,KÉR,['CUIDADO']
SECOND,SECÂND,['SEGUNDO']
BOOK,BÔK,['LIVRO']
CARRY,KÉRI,['CARREGAR']
TOOK,TÔK,['PEGO']
SCIENCE,SAINS,['CIÊNCIA']
EAT,IIT,['COMER']
ROOM,RUUM,"['CÔMODO, QUARTO']"
FRIEND,FREND,['AMIGO']
SIGHT,SAIT,['VISÃO']
BEGAN,BÊGÉN,['COMEÇADO']
IDEA,AIDIIA,['IDÉIA']
FISH,FÊSH,"['PEIXE, PESCAR']"
MOUNTAIN,MAUNTÂN,['MONTANHA']
STOP,STAP,['PARAR']
ONCE,UÂNS,['UMA-VEZ']
BASE,BEIS,['BASE']
HEAR,RRIIR,['OUVIR']
HORSE,RRÓRS,['CAVALO']
CUT,CÂT,['CORTAR']
SURE,SHÔR,['CERTO']
WATCH,UÓTCH,"['ASSISTIR, RELÓGIO']"
COLOR,CÂLÂR,"['COR, COLORIR']"
FACE,FEIS,['ROSTO']
WOOD,UÔD,['MADEIRA']
MAIN,MEIN,['PRINCIPAL']
ENOUGH,INÂF,['BASTANTE']
PLAIN,PLEIN,"['PLANO, SIMPLES']"
GIRL,GÂRL,['GAROTA']
USUAL,IUZHUÂL,"['USUAL, COMUM']"
YOUNG,YÂNG,['JOVEM']
READY,RIIDI,['PRONTO']
ABOVE,ÂBÂV,['ACIMA']
EVER,EVÂR,"['SEMPRE, JÁ']"
RED,RED,['VERMELHO']
LIST,LÊST,['LISTA']
THOUGH,THOU,['APESAR-DE']
FEEL,FIIÓL,"['SENTIR, SENTIMENDO']"
TALK,TÓK,['CONVERSAR']
BIRD,BÂRD,['PÁSSARO']
SOON,SUUN,['LOGO']
BODY,BADDI,['CORPO']
DOG,DÓG,['CACHORRO']
FAMILY,FÉMÂLI,['FAMÍLIA']
DIRECT,DÂREKT,['DIRETO']
POSE,POUZ,['POSIÇÃO']
LEAVE,LIIV,['DEIXAR']
SONG,SÓNG,['CANÇÃO']
MEASURE,MEJÂR,['MEDIDA']
DOOR,DÓR,['PORTA']
PRODUCT,PRADÂKT,['PRODUTO']
BLACK,BLÉK,['NEGRO']
SHORT,SHÓRT,['CURTO']
NUMERAL,NUUMÂRÂL,['NUMERAL']
CLASS,CLÉS,['CLASSE']
WIND,UÊND,['VENTO']
QUESTION,QUÉSCHÂN,"['QUESTÃO, PERGUNTA']"
HAPPEN,RRÉPÂN,['ACONTECER']
COMPLETE,CÂMPLIIT,['COMPLETO']
SHIP,SHÊP,"['NAVIO, EMBARCAR']"
AREA,ÉRIIÂ,['ÁREA']
HALF,RRÉF,['METADE']
ROCK,RAK,"['ROQUE, ROCHA']"
ORDER,ÓRDÂR,"['ORDEM, PEDIDO']"
FIRE,FAIR,"['FOGO, INCÊNDIO, DESPEDIR']"
SOUTH,SAUTH,['SUL']
PROBLEM,PRABLÂM,['PROBLEMA']
PIECE,PIIS,"['PEÇA, PEDAÇO']"
TOLD,TOULD,['CONTADO']
KNEW,NUU,['SABIDO']
PASS,PÉS,['PASSAR']
SINCE,SÊNS,['DESDE']
TOP,TAP,"['TOPO, PRINCIPAL']"
WHOLE,RROUL,['INTEIRO']
KING,KÊNG,['REI']
SPACE,SPEIS,['ESPAÇO']
HEARD,RRÂRD,['OUVIDO']
BEST,BEST,['MELHOR']
HOUR,AUR,['HORA']
BETTER,BETTÂR,['MELHOR']
TRUE,TRUU,['VERDADEIRO']
DURING,DUURÊNG,['DURANTE']
HUNDRED,RRÂNDRÂD,['CEM']
FIVE,FAIV,['CINCO']
REMEMBER,RIMEMBÂR,['LEMBRAR']
STEP,STEP,['PASSO']
EARLY,ÂRLI,['CEDO']
HOLD,RROULD,['GUARDAR']
WEST,UEST,['OESTE']
GROUND,GRAUND,"['TERRA, AMOLADO']"
INTEREST,ÊNTRÂST,"['INTERESSE, JUROS']"
REACH,RIITCH,['ALCANÇAR']
FAST,FÉST,['RÁPIDO']
VERB,VÂRB,['VERBO']
SING,SÊNG,['CANTAR']
LISTEN,LÊSSÂN,['OUVIR']
SIX,SÊKS,['SEIS']
TABLE,TEIBÂL,"['MESA, TABELA']"
TRAVEL,TRÉVÂL,['VIAJAR']
LESS,LES,['MENOS']
MORNING,MÓRNÊN,['MANHÃ']
TEN,TEN,['DEZ']
SIMPLE,SÊMPÂL,['SIMPLES']
SEVERAL,SEVRÂL,['VÁRIOS']
VOWEL,VAUL,['VOGAL']
TOWARD,TUUARD,['PARA']
WAR,UAR,['GUERRA']
LAY,LEI,"['DEITAR, AMADOR']"
AGAINST,ÂGHENST,['CONTRA']
PATTERN,PÉTTÂRN,['PADRÃO']
SLOW,SLOU,['DEVAGAR']
CENTER,CENTÂR,['CENTRO']
LOVE,LÂV,"['AMOR, AMAR']"
PERSON,PÂRSÂN,['PESSOA']
MONEY,MÂNI,['DINHEIRO']
SERVE,SÂRV,['SERVIR']
APPEAR,ÂPIIR,['APARECER']
ROAD,ROUD,['ESTRADA']
MAP,MÉP,['MAPA']
RAIN,REIN,['CHUVA']
RULE,RUUL,"['RÉGUA, REGRA']"
GOVERN,GÂVÂRN,['GOVERNAR']
PULL,PÔL,['PUXAR']
COLD,COULD,['FRIO']
NOTICE,NOTTÂS,['AVISO']
VOICE,VOIS,['VOZ']
UNIT,IUNÂT,['UNIDADE']
POWER,PAUÂR,"['PODER, FORÇA']"
TOWN,TAUN,['MUNICIPAL']
FINE,FAIN,"['BOM, EXCELENTE']"
CERTAIN,SÂRTÂN,['CERTO']
FLY,FLAI,"['VOAR, MOSCA']"
FALL,FÓL,"['CAIR, QUEDA, OUTONO']"
LEAD,LIID,"['LEVAR, CHUMBO']"
CRY,CRAI,"['CHORO, CHORAR']"
DARK,DARK,['ESCURO']
MACHINE,MÂSHIIN,['MÁQUINA']
NOTE,NOUT,['ANOTAR']
WAIT,UEIT,['ESPERAR']
PLAN,PLÉN,['PLANO']
FIGURE,FÊGHIÂR,"['FIGURA, IMAGINAR']"
STAR,STAR,['ESTRELA']
BOX,BAKS,['CAIXA']
NOUN,NAUN,['SUBSTANTIVO']
FIELD,FIILD,['CAMPO']
REST,REST,"['RESTO, DESCANSO']"
CORRECT,CÂREKT,['CORRETO']
ABLE,EIBÂL,['CAPAZ']
POUND,PAUND,['LIBRA']
DONE,DÂN,['FEITO']
BEAUTY,BIUTTI,['BELEZA']
DRIVE,DRAIV,"['DIREÇÃO, DIRIGIR']"
STOOD,STUD,['PERMANECIDO']
CONTAIN,CÂNTEIN,['CONTER']
FRONT,FRÂNT,['FRENTE']
TEACH,TIITCH,['ENSINAR']
WEEK,UIIK,['SEMANA']
FINAL,FAINÂL,['FINAL']
GAVE,GHEIV,['DADO']
GREEN,GRIIN,['VERDE']
OH,OU,['Ó']
QUICK,QUÊK,['RÁPIDO']
DEVELOP,DÊVELÂP,['DESENVOLVER']
OCEAN,OUSHÂN,['OCEANO']
WARM,UÓRM,['QUENTE']
FREE,FRII,"['LIVRE, GRÁTIS']"
MINUTE,MÊNÂT,['MINUTO']
STRONG,STRÓNG,['FORTE']
SPECIAL,SPESHÂL,['ESPECIAL']
MIND,MAIND,"['MENTE, IMPORTAR-SE']"
BEHIND,BÊRRAIND,['ATRÁS']
CLEAR,CLIIR,['CLARO']
TAIL,TEIL,['RABO']
PRODUCE,PRÂDUS,['PRODUÇÃO']
FACT,FÉKT,['FATO']
STREET,STRIIT,['RUA']
INCH,ÊNTCH,['POLEGADA']
MULTIPLY,MÂLTÂPLAI,['MULTIPLICAR']
NOTHING,NÂTHÊNG,['NADA']
COURSE,CÓRS,['CURSO']
STAY,STEI,['FICAR']
WHEEL,UIIL,['RODA']
FULL,FÔL,['CHEIO']
FORCE,FÓRS,"['FORÇA, FORÇAR']"
BLUE,BLUU,['AZUL']
OBJECT,ÂBJÊKT,['OBJETO']
DECIDE,DÊSAID,['DECIDIR']
SURFACE,SÂRFÂS,['SUPERFICIE']
DEEP,DIIP,['PROFUNDO']
MOON,MUUN,['LUA']
ISLAND,AILÂND,['ILHA']
FOOT,FUUT,['PÉ']
SYSTEM,SÊSTÂM,['SISTEMA']
BUSY,BÊZI,['OCUPADO']
TEST,TEST,['TESTE']
RECORD,RECÂRD,"['RECORDE, GRAVAR, REGISTRO']"
BOAT,BOUT,['BARCO']
COMMON,CAMÂN,['COMUM']
GOLD,GOULD,['OURO']
POSSIBLE,PASÂBÂL,['POSSÍVEL']
PLANE,PLEIN,['AVIÃO']
STEAD,STED,['LOCAL']
DRY,DRAI,['SECO']
WONDER,UÂNDÂR,['ADMIRAR']
LAUGH,LÉF,['RIR']
THOUSAND,THAUZÂND,['MIL']
AGO,ÂGOU,['ATRÁS']
RAN,RÉN,['CORRIDO']
CHECK,TCHEK,"['CHEQUE, CHECAGEM']"
GAME,GHEIM,['JOGO']
SHAPE,SHEIP,['FORMA']
EQUATE,IIQUEIT,['EQUACIONAR']
MISS,MÊS,"['SENTIR, SENHORITA']"
BROUGHT,BRÓT,['TRAZIDO']
HEAT,RRIIT,['CALOR']
SNOW,SNOU,['NEVE']
TIRE,TAIR,"['PNEU, CANSAR']"
BRING,BRÊNG,['TRAZER']
YES,YES,['SIM']
DISTANT,DÊSTÂNT,['DISTANTE']
FILL,FÊL,['ENCHER']
EAST,IIST,['LESTE']
PAINT,PEINT,['PINTAR']
LANGUAGE,LÉNGUÊJ,['LÍNGUA']
AMONG,ÂMÂNG,['ENTRE']
GRAND,GRÉND,['GRANDIOSO']
BALL,BÓL,['BOLA']
YET,YET,"['AINDA, JÁ']"
WAVE,UEIV,['ONDA']
DROP,DRAP,['GOTA']
HEART,RRÓRT,['CORAÇÃO']
AM,ÉM,"['SOU, ESTOU']"
PRESENT,PREZÂNT,['PRESENTE']
HEAVY,RREVI,['PESADO']
DANCE,DÉNS,['DANÇA']
ENGINE,ENJÂN,['MOTOR']
POSITION,PÂZÊSHÃN,['POSIÇÃO']
ARM,ARM,['BRAÇO']
WIDE,UAID,['AMPLO']
SAIL,SEIL,['VELA(NAVIO)']
MATERIAL,MÂTIIRIÂL,['MATERIAL']
SIZE,SAIZ,['TAMANHO']
VARY,VÉRI,['VARIAR']
SETTLE,SETTÂL,['ESTABELECER']
SPEAK,SPIIK,['FALAR']
WEIGHT,UEIT,['PESO']
GENERAL,JENRAL,"['GENERAL, GERAL']"
ICE,AIS,['GELO']
MATTER,MÉTTÂR,"['MATÉRIA, IMPORTAR-SE']"
CIRCLE,SÂRKÂL,['CÍRCULO']
PAIR,PÉR,['PAR']
INCLUDE,ÊNCLUD,['INCLUIR']
DIVIDE,DÊVAID,['DIVIDIR']
SYLLABLE,SÊLÂBÂL,['SÍLABA']
FELT,FEÓLT,['SENTIDO']
PERHAPS,PÂRHÉPPS,['TALVEZ']
PICK,PÊK,"['ESCOLHER, APANHAR']"
SUDDEN,SÂDÂN,['IMPREVISTO']
COUNT,CAUNT,"['CONTAR, CONTAGEM, CONDE']"
SQUARE,SQUÉR,"['QUADRADO, PRAÇA']"
REASON,RIIZÂN,['RAZÃO']
LENGTH,LENTH,['COMPRIMENTO']
REPRESENT,REPRÊZENT,['REPRESENTAR']
ART,ART,['ARTE']
SUBJECT,SÂBJÊKT,"['SUJEITO, ASSUNTO']"
REGION,RIIJÂN,['REGIÃO']
ENERGY,ENÂRJI,['ENERGIA']
HUNT,RRÂNT,['CAÇAR']
PROBABLE,PRABÂBÂL,['PROVÁVEL']
BED,BED,['CAMA']
BROTHER,BRÂDHÂR,['IRMÃO']
EGG,EG,['OVO']
RIDE,RAID,['PASSEIO']
CELL,CEÓL,"['CELA, CÉLULA']"
BELIEVE,BÊLIIV,['ACREDITAR']
FRACTION,FRÉCSHÂN,['FRAÇÃO']
FOREST,FÓRÂST,['FLORESTA']
SIT,SÊT,['SENTAR']
RACE,REIS,"['RAÇA, CORRIDA']"
WINDOW,UÊNDOU,['JANELA']
STORE,STÓR,['ARMAZÉM']
SUMMER,SÂMÂR,['VERÃO']
TRAIN,TRÊIN,"['TREM, TREINAR']"
SLEEP,SLIIP,['DORMIR']
PROVE,PRUUV,['PROVAR']
LONE,LOUN,['SÓ']
LEG,LEG,['PERNA']
EXERCISE,EKSÂRSAIZ,['EXERCÍCIO']
WALL,UÓL,['PAREDE']
CATCH,KÉTCH,['PEGAR']
MOUNT,MAUNT,"['MONTE, MONTAR']"
WISH,UÊSH,['DESEJO']
SKY,SKAI,['CÉU']
BOARD,BÓRD,['QUADRO']
JOY,JÓI,['ALEGRIA']
WINTER,UÊNTTÂR,['INVERNO']
SAT,SÉT,['SENTADO']
WRITTEN,RÊTÂN,['ESCRITO']
WILD,UAILD,['SELVAGEM']
INSTRUMENT,ÊNSTRÂMÂNT,['INSTRUMENTO']
KEPT,KEPT,['GUARDADO']
GLASS,GLÉS,['VIDRO']
GRASS,GRÉS,['GRAMA']
COW,CAU,['VACA']
JOB,JÁB,"['TRABALHO, JÓ']"
EDGE,EJ,['CANTO']
SIGN,SAIN,['SINAL']
VISIT,VÊZÂT,['VISITA']
PAST,PÉST,['PASSADO']
SOFT,SAFT,['MACIO']
FUN,FÂN,['ALEGRIA']
BRIGHT,BRAIT,['CLARO']
GAS,GHÉS,"['GÁS, GASOLINA']"
WEATHER,UEDHÂR,['TEMPO']
MONTH,MÂNT,['MÊS']
MILLION,MÊLIÂN,['MILHÃO']
BEAR,BÉR,"['URSO, CARREGAR']"
FINISH,FÊNISH,"['FIM, FINALIZAR']"
HAPPY,RRÉPI,['FELIZ']
HOPE,RROUP,['ESPERANÇA']
FLOWER,FLAUÂR,['FLOR']
CLOTHE,CLOUDH,['VESTIR']
STRANGE,STREINDJ,['ESTRANHO']
GONE,GÓN,['IDO']
JUMP,JÂMP,['PULAR']
BABY,BEIBI,['BEBÊ']
EIGHT,EIT,['OITO']
VILLAGE,VÊLÂJ,['VILA']
MEET,MIIT,['ENCONTRAR']
ROOT,RUUT,['RAIZ']
BUY,BAI,['COMPRAR']
RAISE,REIZ,['LEVANTAR']
SOLVE,SOULV,['RESOLVER']
METAL,METTÂL,['METAL']
WHETHER,UEDHÂR,['SE']
PUSH,PÔSH,"['EMPURRAR, INICIATIVA']"
SEVEN,SEVÂN,['SETE']
PARAGRAPH,PÉRÂGRÉF,['PARÁGRAFO']
THIRD,THÂRD,['TERCEIRO']
SHALL,SHÉL,['VAI']
HELD,RRELD,['GUARDADO']
HAIR,RRÉR,['CABELO']
DESCRIBE,DÊCRAIB,['DESCREVER']
COOK,CÔK,['COZINHAR']
FLOOR,FLÓR,"['CHÃO, DERROTAR']"
EITHER,AIDHÂR,"['UM, OU OUTRO, TAMBÉM']"
RESULT,RÊZÂLT,['RESULTADO']
BURN,BÂRN,['QUEIMAR']
HILL,RRÊL,['COLINA']
SAFE,SEIF,"['SEGURO, COFRE']"
CAT,KÉT,['GATO']
CENTURY,CENTRI,['SÉCULO']
CONSIDER,CÂNSÊDÂR,['CONSIDERAR']
TYPE,TAIP,"['TIPO, DATILOGRAFAR']"
LAW,LÓ,['LEI']
BIT,BÊT,"['POUCO, BROCA']"
COAST,COUST,"['COSTA, LITORAL']"
COPY,CAPI,['COPIAR']
PHRASE,FREIZ,['FRASE']
SILENT,SAILÂNT,['SILENCIO']
TALL,TÓL,['ALTO(PESSOA)']
SAND,SÉND,['AREIA']
SOIL,SÓIL,['SOLO']
ROLL,RÔL,"['GIRO, LISTA']"
TEMPERATURE,TEMPRÂCHÂR,['TEMPERATURA']
FINGER,FÊNGÂR,['DEDO']
INDUSTRY,ÊNDÂSTRI,['INDÚSTRIA']
VALUE,VÉLIU,['VALOR']
FIGHT,FAIT,['LUTA']
LIE,LAI,"['DEITAR, MENTIR']"
BEAT,BIIT,['BATER']
EXCITE,IKSAIT,['INSTIGAR']
NATURAL,NÉTCHÂRÂL,['NATURAL']
VIEW,VIU,['VISTA']
SENSE,SENS,['SENTIDO']
EAR,IIR,"['ORELHA, ESPIGA']"
ELSE,ELS,['OUTRO']
QUITE,QUAIT,['MUITO']
BROKE,BROUK,['QUEBRADO']
CASE,KEIS,"['CASO, EMBALAGEM']"
MIDDLE,MÊDÂL,['MEIO']
KILL,KÊL,['MATAR']
SON,SÂN,['FILHO']
LAKE,LEIK,['LAGO']
MOMENT,MOUMÂNT,['MOMENTO']
SCALE,SKEIL,"['ESCADA, ESCALA, ESCAMA']"
LOUD,LAUD,['ALTO(SOM)']
SPRING,SPRÊNG,"['PRIMAVERA, MOLA']"
OBSERVE,ÂBZÂRV,['OBSERVAR']
CHILD,TCHAILD,['CRIANÇA']
STRAIGHT,STREIT,['RETO']
CONSONANT,CANSÂNÂNT,['CONSOANTE']
NATION,NEISHÂN,['NAÇÃO']
DICTIONARY,DÊKSHÂNÂRI,['DICIONÁRIO']
MILK,MÊLK,['LEITE']
SPEED,SPIID,['VELOCIDADE']
METHOD,MÉTHÂD,['MÉTODO']
ORGAN,ÓRGÂN,['ÓRGÃO']
PAY,PEI,['PAGAR']
AGE,EIJ,['IDADE']
SECTION,SEKSHÂN,['SEÇÃO']
DRESS,DRES,['VESTIDO']
CLOUD,CLAUD,['NUVEM']
SURPRISE,SÂRPRAIZ,['SURPRESA']
QUIET,QUAIT,['QUIETO']
STONE,STOUN,['PEDRA']
TINY,TAINI,['MINÚSCULO']
CLIMB,CLAIM,['ESCALAR']
COOL,CUUL,['FRIO']
DESIGN,DÊZAIN,['DESENHO']
POOR,PÔR,['POBRE']
LOT,LÓT,"['MUITO, LOTE']"
EXPERIMENT,EKSPERÂMÂNT,['EXPERIMENTO']
BOTTOM,BATTÂM,['BAIXO']
KEY,KII,['CHAVE']
IRON,AIRN,['FERRO']
SINGLE,SÊNGÂL,"['SÓ, SOLTEIRO']"
STICK,STÊK,"['VARETA, FINCAR']"
FLAT,FLÉT,"['ACHATADO, PLANO']"
TWENTY,TUENTI,['VINTE']
SKIN,SKÊN,['PELE']
SMILE,SMAIL,['SORRISO']
CREASE,CRIIS,['RUGA']
HOLE,RROUL,['BURACO']
TRADE,TREID,['COMÉRCIO']
MELODY,MELÂDI,['MELODIA']
TRIP,TRÊP,"['VIAJAR, PASSEIO']"
OFFICE,AFÂS,"['ESCRITÓRIO, FUNÇÃO']"
RECEIVE,RICIIV,['RECEBER']
ROW,ROU,"['REMAR, FILA']"
MOUTH,MAUTH,['BOCA']
EXACT,IGZÉCT,['EXATO']
SYMBOL,SÊMBÂL,['SÍMBOL']
DIE,DAI,['MORRER']
LEAST,LIIST,['MENOS']
TROUBLE,TRÂBÂL,['PREOCUPAÇÃO']
SHOUT,SHAUT,['GRITAR']
EXCEPT,ÊKSCEPT,['EXCETO']
WROTE,ROUT,['ESCRITO']
SEED,SIID,['SEMENTE']
TONE,TOUN,['TOM']
JOIN,JOIN,['JUNTAR']
SUGGEST,SÂGJEST,['SUGERIR']
CLEAN,CLIIN,['LIMPO']
BREAK,BREIK,['QUEBRAR']
LADY,LEIDI,['DAMA']
YARD,YARD,"['JARDA, QUINTAL']"
RISE,RAIZ,['LEVANTAR']
BAD,BÉD,['MAL']
BLOW,BLOU,['ASSOPRAR']
OIL,OIL,"['ÓLEO, PETRÓLEO']"
BLOOD,BLÂD,['SANGUE']
TOUCH,TÂTCH,['TOCAR']
GREW,GRUU,['CRESCIDO']
CENT,CENT,['CENTAVO']
MIX,MÊKS,['MISTURA']
TEAM,TIIM,['GRUPO']
WIRE,UAIR,['ARAME']
COST,CÓST,['CUSTO']
LOST,LÓST,['PERDIDO']
BROWN,BRAUN,['MARROM']
WEAR,UÉR,['USAR']
GARDEN,GARDÂN,['JARDIM']
EQUAL,IIQUÂL,['IGUAL']
SENT,SENT,['ENVIADO']
CHOOSE,TCHUUZ,['ESCOLHER']
FELL,FEL,['CAIDO']
FIT,FÊT,['AJUSTADO']
FLOW,FLOU,"['CORRER, CORRENTE']"
FAIR,FÉR,"['FEIRA, CLARO']"
BANK,BÉNK,['BANCO']
COLLECT,CÂLECT,"['RECOLHER, PAGAR']"
SAVE,SEIV,['SALVAR']
CONTROL,CÂNTROUL,['CONTROLE']
DECIMAL,DÊSÊMÂL,['DECIMAL']
GENTLE,JENTÂL,['GENTIL']
WOMAN,UÔMÂN,['MULHER']
CAPTAIN,KÉPTÂN,['CAPITÃO']
PRACTICE,PRÉCTTÂS,['PRÁTICA']
SEPARATE,SEPÂRÂT,['SEPARADO']
DIFFICULT,DÊFÊCÂLT,['DIFÍCIL']
DOCTOR,DACTÂR,['DOUTOR']
PLEASE,PLIIZ,"['POR-FAVOR, AGRADAR']"
PROTECT,PRÂTECT,['PROTEGER']
NOON,NUUN,['MEIO-DIA']
WHOSE,RRUUZ,['CUJO']
LOCATE,LOUKEIT,['LOCALIZAR']
RING,RÊNG,"['ANEL, TOCAR']"
CHARACTER,KÉRÊKTÂR,"['CARÁTER, PERSONAGEM']"
INSECT,ÊNSECT,['INSETO']
CAUGHT,CÓT,['PEGO']
PERIOD,PÊRIIÂD,['PERÍODO']
INDICATE,ÊNDÊKEIT,['INDICAR']
RADIO,REIDIIOU,['RÁDIO']
SPOKE,SPOUK,"['FALADO, RAIO']"
ATOM,ÉTÂM,['ÁTOMO']
HUMAN,RRIUMÂN,['HUMANO']
HISTORY,RRÊSTÂRI,['HISTÓRIA']
EFFECT,ÊFECT,['EFEITO']
ELECTRIC,ÊLEKTRÊK,['ELÉTRICO']
EXPECT,IKSPEKT,['ESPERAR']
CROP,CRAP,['COLHEITA']
MODERN,MADÂRN,['MODERNO']
ELEMENT,ELÊMÂNT,['ELEMENTO']
HIT,RRÊT,['ACERTAR']
STUDENT,STUUDÂNT,['ESTUDANTE']
CORNER,CÓRNÂR,['ESQUINA']
PARTY,PARTY,"['PARTIDO, FESTA']"
SUPPLY,SÂPLAI,['SUPRIR']
BONE,BOUN,['OSSO']
RAIL,REIL,"['GRADE, TRILHO']"
IMAGINE,ÊMÉDJÂN,['IMAGINAR']
PROVIDE,PRÂVAID,['FORNECER']
AGREE,ÂGRII,['CONCORDAR']
THUS,DHÂS,['ASSIM']
CAPITAL,KÉPÊTÂL,['CAPITAL']
WON'T,UOUNT,['NÃO-VAI']
CHAIR,TCHÉR,['CADEIRA']
DANGER,DEINDJÂR,['PERIGO']
FRUIT,FRUUT,['FRUTA']
RICH,RÊTCH,['RICO']
THICK,THÊK,['GROSSO']
SOLDIER,SOULDJÃR,['SOLDADO']
PROCESS,PROUCES,['PROCESSO']
OPERATE,APÂREIT,['OPERAR']
GUESS,GHES,['ADIVINHAR']
NECESSARY,NESÂSÉRI,['NECESSÁRIO']
SHARP,SHARP,"['AGUDO, SUSTENIDO']"
WING,UÊNG,['ASA']
CREATE,CRIEIT,['CRIAR']
NEIGHBOR,NEIBÂR,['VIZINHO']
WASH,UÓSH,['LAVAR']
BAT,BÉT,"['MORCEGO, BASTÃO']"
RATHER,RAADHÂR,['DE-PREFERÊNCIA']
CROWD,CRAUD,['MULTIDÃO']
CORN,CÓRN,['MILHO']
COMPARE,CÂMPÉR,['COMPARAR']
POEM,POUÊM,['POEMA']
STRING,STRÊNG,['CORDA']
BELL,BEÓL,['SINO']
DEPEND,DÊPEND,['DEPENDER']
MEAT,MIIT,['CARNE']
RUB,RÂB,['ESFREGAR']
TUBE,TUUB,"['TUBO, TV']"
FAMOUS,FEIMÂS,['FAMOSO']
STREAM,STRIIM,['CORRENTE']
FEAR,FIIR,"['MEDO, TEMER']"
THIN,THÊN,"['FINO, MAGRO']"
TRIANGLE,TRAIÉNGÂL,['TRIÂNGULO']
PLANET,PLÉNÂT,['PLANETA']
HURRY,RRÂRI,['PRESSA']
CHIEF,CHIIF,['CHEFE']
CLOCK,CLAK,['RELÓGIO']
MINE,MAIN,"['MEU, MINA']"
TIE,TAI,['AMARRAR']
ENTER,ENTTÂR,['ENTRAR']
MAJOR,MEIDJÂR,"['MAIOR, MAJOR']"
FRESH,FRESH,['FRESCO']
SEARCH,SÂRTCH,['BUSCAR']
SEND,SEND,['ENVIAR']
YELLOW,YELOU,['AMARELO']
GUN,GÂN,['ARMA']
ROSE,ROUZ,"['ROSA, LEVANTADO']"
ALLOW,ÂLAU,['PERMITIR']
PRINT,PRÊNT,['IMPRIMIR']
DEAD,DED,['MORTO']
SPOT,SPAT,['PONTO']
DESERT,DÊZÂRT,['DESERTO']
SUIT,SUUT,['TERNO']
CURRENT,CÂRÂNT,['ATUAL']
LIFT,LÊFT,['LEVANTAR']
CONTINUE,CÂNTÊNIU,['CONTINUAR']
BLOCK,BLAK,['BLOCO']
CHART,TCHART,['GRÁFICO']
HAT,RRÉT,['CHAPÉU']
SELL,SEL,['VENDER']
SUCCESS,SÂKSES,['SUCESSO']
COMPANY,CÂMPÂNI,"['COMPANHIA, EMPRESA']"
SUBTRACT,SÂBTRÉCT,['SUBTRAIR']
EVENT,IVENT,['EVENTO']
PARTICULAR,PARTÊKIÂLAR,['ESPECIAL']
DEAL,DIIL,['NEGÓCIO']
TERM,TÂRM,"['TERMO, PERÍODO']"
OPPOSITE,APÂZÂT,['OPOSTO']
WIFE,UAIF,['ESPOSA']
SHOE,SHUU,['SAPATO']
SHOULDER,SHOULDÂR,['OMBRO']
SPREAD,SPRED,['ESPALHAR']
ARRANGE,ÂREINDJ,['ARRANJAR']
CAMP,KÉMP,['CAMPO']
INVENT,ÊNVENT,['INVENTAR']
COTTON,CATÂN,['ALGODÃO']
BORN,BÓRN,['NASCIDO']
DETERMINE,DÊTÂRMÂN,['DETERMINAR']
QUART,QUÓRT,['QUARTO(MEDIDA)']
NINE,NAIN,['NOVE']
TRUCK,TRÂK,['CAMINHÃO']
NOISE,NÓIZ,['BARULHO']
LEVEL,LEVÂL,['NÍVEL']
CHANCE,TCHÉNS,"['CHANCE, ACASO']"
GATHER,GHÉDHÂR,['JUNTAR']
SHOP,SHAP,['LOJA']
STRETCH,STRETCH,['ALCANCE']
THROW,THROU,['ARREMESSAR']
SHINE,SHAIN,['BRILHAR']
PROPERTY,PRAPÂTTI,['PROPRIEDADE']
COLUMN,CALÂM,['COLUNA']
MOLECULE,MALÊKIUL,['MOLÉCULA']
SELECT,SÊLECT,['SELECIONAR']
WRONG,RÓNG,['ERRADO']
GRAY,GREI,['CINZA']
REPEAT,RÊPIIT,['REPETIR']
REQUIRE,RÊQUAIR,['EXIGIR']
BROAD,BRÓD,['AMPLO']
PREPARE,PRÊPÉR,['PREPARAR']
SALT,SÓLT,['SAL']
NOSE,NOUZ,['NARIZ']
PLURAL,PLÔRÂL,['PLURAL']
ANGER,ÉNGÂR,['RAIVA']
CLAIM,CLEIM,['CLAMAR']
CONTINENT,CANTÂNÂNT,['CONTINENTE']
OXYGEN,AKSÊDJÂN,['OXIGÊNIO']
SUGAR,SHUUGÂR,['AÇÚCAR']
DEATH,DETH,['MORTE']
PRETTY,PRÊTI,"['BELO, MUITO']"
SKILL,SKÊL,['HABILIDADE']
WOMEN,UÊMÂN,['MULHERES']
SEASON,SEEZÂN,['ESTAÇÃO']
SOLUTION,SÂLUSHÂN,['SOLUÇÃO']
MAGNET,MÉGNÂT,['IMÃ']
SILVER,SÊLVÃR,['PRATA']
THANK,THÉNK,['AGRADECER']
BRANCH,BRÉNCH,['GALHO']
MATCH,MÉTCH,"['COMPETIÇÃO, FÓSFORO']"
SUFFIX,SÂFÊKS,['SUFIXO']
ESPECIALLY,ÊSPESHÂLI,['ESPECIALMENTE']
FIG,FÊG,['FIGO']
AFRAID,ÂFREID,['COM-MEDO']
HUGE,RRIUDJ,"['GRANDE, ENORME']"
SISTER,SÊSTÂR,['IRMÃ']
STEEL,STIIL,['AÇO']
DISCUSS,DÊSCÂS,['DISCUTIR']
DOLLAR,DALÂR,['DÓLAR']
FORWARD,FÓRUÂRD,"['ADIANTE, PASSAR ADIANTE']"
SIMILAR,SÊMÂLÃR,['SEMELHANTE']
GUIDE,GAID,"['GUIA, GUIAR']"
EXPERIENCE,ÊKSPIIRIÂNS,['EXPERIÊNCIA']
SCORE,SCÓR,"['PLACAR, DUAS-DEZENAS']"
APPLE,ÉPÂL,['MAÇÃ']
BOUGHT,BÓT,['COMPRADO']
LED,LED,['LEVADO']
COLONY,CALÂNI,['COLONIA']
PITCH,PÊTCH,"['PICHE, ARREMEÇO']"
COAT,COUT,['CASACO']
MASS,MÉS,"['MASSA, MISSA']"
CARD,CARD,['CARTÃO']
BAND,BÉND,['BANDA']
ROPE,ROUP,['CORDA']
SLIP,SLÊP,['ESCORREGAR']
WIN,UÊN,['GANHAR']
DREAM,DRIIM,['SONHO']
EVENING,IIVNÊNG,['NOITE']
CONDITION,CÂNDÊSHÂN,['CONDIÇÃO']
FEED,FIID,['ALIMENTAR']
TOOL,TUUL,['FERRAMENTA']
TOTAL,TOUTÃL,['TOTAL']
BASIC,BEISÊK,['BÁSICO']
SMELL,SMEL,['CHEIRO']
VALLEY,VÉLI,['VALE']
NOR,NÓR,['NEM']
DOUBLE,DÂBÂL,['DOBRO']
SEAT,SIIT,['ASSENTO']
ARRIVE,ÂRAIV,['CHEGAR']
MASTER,MÉSTÂR,['MESTRE']
TRACK,TRÉK,['TRILHA']
PARENT,PÉRÂNT,['PAIS']
SHORE,SHÓR,['PRAIA']
DIVISION,DÊVÊZHÂN,['DIVISÃO']
SHEET,SHIIT,"['FOLHA, LENÇOL']"
SUBSTANCE,SÂBSTÂNS,['SUBSTÂNCIA']
FAVOR,FEIVÂR,"['FAVOR, FAVORECER']"
CONNECT,CÂNECT,['CONECTAR']
POST,POAST,"['PÓS, POSTO']"
SPEND,SPEND,['GASTAR']
SWIM,SUÊM,['NADAR']
CHORD,CÓRD,['ACORDE']
FAT,FÉT,['GORDO']
GLAD,GLÉD,['CONTENTE']
ORIGINAL,ÂRÊDJÂNÂL,['ORIGINAL']
SHARE,SHÉR,['PARTE']
STATION,STEISHÂN,['ESTAÇÃO']
DAD,DÉD,['PAPAI']
BREAD,BRÉD,['PÃO']
CHARGE,CHARDJ,"['CARGA, COBRANÇA']"
PROPER,PRAPÂR,['PRÓPRIO']
BAR,BAR,"['BAR, BARRA']"
OFFER,AFÊR,['OFERECER']
SEGMENT,SEGMÂNT,['SEGMENTO']
SLAVE,SLEIV,['ESCRAVO']
DUCK,DÂK,"['PATO, MERGULHAR']"
INSTANT,ÊNSTÂNT,['INSTANTE']
MARKET,MARKÂT,['MERCADO']
DEGREE,DÊGRII,['GRAU']
POPULATE,PAPIÂLEIT,['POVOAR']
CHICK,TCHÊK,['PINTINHO']
DEAR,DIIR,['QUERIDO']
ENEMY,ENÂMI,['INIMIGO']
REPLY,RÊPLAI,['RESPOSTA']
DRINK,DRÊNK,['BEBIDA']
OCCUR,ÂCÂR,['OCORRER']
SUPPORT,SÂPÓRT,['APOIAR']
SPEECH,SPIITCH,['DISCURSO']
NATURE,NEITCHÂR,['NATUREZA']
RANGE,REINDJ,"['ALCANCE, PASTAGEM']"
STEAM,STIIM,['VAPOR']
MOTION,MOUSHÂN,['MOVIMENTO']
PATH,PÉTH,['CAMINHO']
LIQUID,LÊQUÂD,['LÍQUIDO']
LOG,LÓG,"['LENHA, DIÁRIO']"
MEANT,MENT,['SIGNIFICADO']
QUOTIENT,QUOSHÂNT,['QUOCIENTE']
TEETH,TIITH,['DENTES']
SHELL,SHEL,['CONCHA']
NECK,NEK,['PESCOÇO']
DESSERT,DÊSSÂRT,['SOBREMESA']
